l [deg],b [deg],Total A_V [mag],Total A_G [mag],Distance to Peak,FWHM (V Band) [pc],Column Density [cm^-2],V Band Volume Density [cm^-3],G Band Volume Density [cm^-3],N(H) from A_G [cm^-2],G Band Volume Density Std,G Band Volume Density SDOM,V Band Volume Density STD
146.2,39.63,0.2896196807481428,0.2225419393413416,391.4163090128755,10.788840207249741,2.403843350209585e+21,72.20725856327857,367.8618257312377,5.563548483533539e+20,26.270541584518476,7.583652127789501,-4.260569328502115
