l [deg],b [deg],Total A_V [mag],Total A_G [mag],Distance to Peak,FWHM (V Band) [pc],Column Density [cm^-2],V Band Volume Density [cm^-3],G Band Volume Density [cm^-3],N(H) from A_G [cm^-2],G Band Volume Density Std,G Band Volume Density SDOM,V Band Volume Density STD
121.07,21.75,0.03470998018118571,0.44308278429979264,358.3690987124463,-6.630407324930602,2.8809283550384138e+20,-14.081266036667264,732.4158424475572,1.1077069607494816e+21,65.28852963764587,18.847175080644853,-5.894530745849173
