l,b,Total Av [mag],Distance of Max Av [pc],FWHM [pc],Column Density [cm^-2],Volume Density [cm^-3]
125.5,22,0.8677557778947547,[283.26180258],15.709147695329742,7.202372956526464e+21,148.5841343213318
