l,b,Total Av [mag],Distance of Max Av [pc],FWHM [pc],Column Density [cm^-2],Volume Density [cm^-3]
147.2,40.75,0.948917804142363,[201.14449213],8.805222897906255,7.876017774381614e+21,289.87835495431864
