l (deg),b (deg),line,comp,T_peak (K),T_error (K),CenterVel (km/s),CenterVel_error (km/s),FWHM (km/s),FWHM error (km/s),integral,integral error,Cloud,Upper Limit
137160,4300,HI,1,2.5920798960925753,0.15870977219094243,3.8752924992892713e-16,0.8080435691985242,10.876015274590907,0.658175565963318,107.8246400000001,2.0226826058726393,Ursa Major,F
137160,4300,HI,2,11.21861235726119,0.35702491251605634,7.84903454381455,0.06140462359468073,1.7560824042698964,0.06965312465214517,58.478080000000055,0.9045711607275273,Ursa Major,F
137160,4300,67,1,0.01004864692158056,0.002925678469694614,8.702887201017566,0.27708226533848385,0.8235885239700821,0.27674206962660336,0.018839295511993533,0.003421557153279359,Ursa Major,F
137160,4300,67,2,0.002133461143471166,0.35702491251605634,0.925930593832831,0.06140462359468073,0.925930593832831,0.06965312465214517,0.0017570941140989413,0.0005904184523121503,Ursa Major,T
137160,4300,65,1,0.0031012246115352192,0.0020814335669311615,-1.0088494264114714,1.2630510002828923,1.6297545207279107,1.2630510328903668,0.0119303338831532,0.004780497667952348,Ursa Major,F
137160,4300,65,2,0.0023062141810665875,0.35702491251605634,8.702887201017566,0.06140462359468073,0.8235885239700821,0.06965312465214517,0.0037585629873600874,0.0029128662034625646,Ursa Major,T
137160,4300,CO,1,0.02432065918201699,0.0001399225276254314,0.0004999433282492208,0.002413949147214061,0.08455553976759099,0.0005949372679515856,0.0,0.0,Ursa Major,F
137160,4300,CO,2,0.0,0.35702491251605634,-1.0088494264114714,0.06140462359468073,1.6297545207279107,0.06965312465214517,0.0,0.0,Ursa Major,T
